{"cameraMode":{"drawMode":0,"name":"Shaded","section":"Shading Mode"},"sceneLighting":true,"audioPlay":false,"sceneViewState":{"m_AlwaysRefresh":false,"showFog":true,"showSkybox":true,"showFlares":true,"showImageEffects":true,"showParticleSystems":true,"showVisualEffectGraphs":true,"m_FxEnabled":true},"in2DMode":false,"pivot":{"x":847.5701904296875,"y":57.240238189697269,"z":684.7574462890625},"rotation":{"x":0.13919459283351899,"y":-0.047519367188215259,"z":0.006688890978693962,"w":0.9891068935394287},"size":10.732115745544434,"orthographic":false}