{"cameraMode":{"drawMode":0,"name":"Shaded","section":"Shading Mode"},"sceneLighting":false,"audioPlay":false,"sceneViewState":{"showFog":true,"showMaterialUpdate":false,"showSkybox":true,"showFlares":true,"showImageEffects":true,"showParticleSystems":true},"in2DMode":false,"pivot":{"x":0.12919999659061433,"y":0.10545090585947037,"z":-0.08320000022649765},"rotation":{"x":0.013186891563236714,"y":-0.006901247426867485,"z":-0.00009025873441714793,"w":-0.9998893141746521},"size":0.13597449660301209,"orthographic":false}