{"cameraMode":{"drawMode":0,"name":"Shaded","section":"Shading Mode"},"sceneLighting":false,"audioPlay":false,"sceneViewState":{"showFog":true,"showMaterialUpdate":false,"showSkybox":true,"showFlares":true,"showImageEffects":true,"showParticleSystems":true},"in2DMode":false,"pivot":{"x":0.13108447194099427,"y":0.6375304460525513,"z":-1.440211534500122},"rotation":{"x":0.0010627721203491092,"y":0.9978557229042053,"z":-0.06325968354940415,"w":0.01676628366112709},"size":3.2660863399505617,"orthographic":false}