{"cameraMode":{"drawMode":0,"name":"Shaded","section":"Shading Mode"},"sceneLighting":false,"audioPlay":false,"sceneViewState":{"showFog":true,"showMaterialUpdate":false,"showSkybox":true,"showFlares":true,"showImageEffects":true,"showParticleSystems":true},"in2DMode":false,"pivot":{"x":-1.2234320640563965,"y":5.2014055252075199,"z":2.134192705154419},"rotation":{"x":-0.26884540915489199,"y":-0.1900167018175125,"z":0.05419112369418144,"w":-0.9426978230476379},"size":2.5720953941345217,"orthographic":false}