{"cameraMode":{"drawMode":0,"name":"Shaded","section":"Shading Mode"},"sceneLighting":false,"audioPlay":false,"sceneViewState":{"showFog":true,"showMaterialUpdate":false,"showSkybox":true,"showFlares":true,"showImageEffects":true,"showParticleSystems":true},"in2DMode":false,"pivot":{"x":299.67938232421877,"y":67.86123657226563,"z":333.8092956542969},"rotation":{"x":-0.2203172892332077,"y":0.380410760641098,"z":-0.09382360428571701,"w":-0.8932777047157288},"size":0.5652814507484436,"orthographic":false}