{"cameraMode":{"drawMode":0,"name":"Shaded","section":"Shading Mode"},"sceneLighting":false,"audioPlay":false,"sceneViewState":{"showFog":true,"showMaterialUpdate":false,"showSkybox":true,"showFlares":true,"showImageEffects":true,"showParticleSystems":true},"in2DMode":false,"pivot":{"x":301.31781005859377,"y":67.53409576416016,"z":332.86761474609377},"rotation":{"x":-0.2203172892332077,"y":0.380410760641098,"z":-0.09382360428571701,"w":-0.8932777047157288},"size":0.9532085657119751,"orthographic":false}