{"cameraMode":{"drawMode":0,"name":"Shaded","section":"Shading Mode"},"sceneLighting":false,"audioPlay":false,"sceneViewState":{"showFog":true,"showMaterialUpdate":false,"showSkybox":true,"showFlares":true,"showImageEffects":true,"showParticleSystems":true},"in2DMode":false,"pivot":{"x":-1.1965185403823853,"y":0.7904204726219177,"z":0.2666053771972656},"rotation":{"x":-0.21331074833869935,"y":0.608970582485199,"z":-0.17465774714946748,"w":-0.7437393069267273},"size":5.20517110824585,"orthographic":false}