{"cameraMode":{"drawMode":0,"name":"Shaded","section":"Shading Mode"},"sceneLighting":false,"audioPlay":false,"sceneViewState":{"showFog":true,"showMaterialUpdate":false,"showSkybox":true,"showFlares":true,"showImageEffects":true,"showParticleSystems":true},"in2DMode":false,"pivot":{"x":2.9070568084716799,"y":0.8325484991073608,"z":0.27352777123451235},"rotation":{"x":-0.21331074833869935,"y":0.608970582485199,"z":-0.17465774714946748,"w":-0.7437393069267273},"size":5.064317226409912,"orthographic":false}