{"cameraMode":{"drawMode":0,"name":"Shaded","section":"Shading Mode"},"sceneLighting":true,"audioPlay":false,"sceneViewState":{"showFog":true,"showMaterialUpdate":false,"showSkybox":true,"showFlares":true,"showImageEffects":true,"showParticleSystems":true},"in2DMode":false,"pivot":{"x":251.55615234375,"y":7.075455188751221,"z":245.1625518798828},"rotation":{"x":-0.16448983550071717,"y":-0.028996823355555536,"z":0.0048384289257228378,"w":-0.98594069480896},"size":22.0,"orthographic":false}